Name;College
Avery Bradley;Texas
Jae Crowder;Marquette
John Holland;Boston University
R.J. Hunter;Georgia State
Jordan Mickey;LSU
Kelly Olynyk;Gonzaga
Terry Rozier;Louisville
Marcus Smart;Oklahoma State
Jared Sullinger;Ohio State
Isaiah Thomas;Washington
Evan Turner;Ohio State
James Young;Kentucky
Tyler Zeller;North Carolina
Markel Brown;Oklahoma State
Wayne Ellington;North Carolina
Rondae Hollis-Jefferson;Arizona
Jarrett Jack;Georgia Tech
Sean Kilpatrick;Cincinnati
Shane Larkin;Miami (FL)
Brook Lopez;Stanford
Chris McCullough;Syracuse
Willie Reed;Saint Louis
Thomas Robinson;Kansas
Henry Sims;Georgetown
Donald Sloan;Texas A&M
Thaddeus Young;Georgia Tech
Arron Afflalo;UCLA
Lou Amundson;UNLV
Carmelo Anthony;Syracuse
Cleanthony Early;Wichita State
Langston Galloway;Saint Joseph's
Jerian Grant;Notre Dame
Robin Lopez;Stanford
Kyle O'Quinn;Norfolk State
Lance Thomas;Duke
Derrick Williams;Arizona
Tony Wroten;Washington
Elton Brand;Duke
Isaiah Canaan;Murray State
Robert Covington;Tennessee State
Joel Embiid;Kansas
Jerami Grant;Syracuse
Richaun Holmes;Bowling Green
Carl Landry;Purdue
Kendall Marshall;North Carolina
T.J. McConnell;Arizona
Nerlens Noel;Kentucky
Jahlil Okafor;Duke
Ish Smith;Wake Forest
Nik Stauskas;Michigan
Hollis Thompson;Georgetown
Christian Wood;UNLV
DeMarre Carroll;Missouri
DeMar DeRozan;USC
James Johnson;Wake Forest
Cory Joseph;Texas
Kyle Lowry;Villanova
Patrick Patterson;Kentucky
Norman Powell;UCLA
Terrence Ross;Washington
Jason Thompson;Rider
Delon Wright;Utah
Harrison Barnes;North Carolina
Andrew Bogut;Utah
Ian Clark;Belmont
Stephen Curry;Davidson
Festus Ezeli;Vanderbilt
Draymond Green;Michigan State
Andre Iguodala;Arizona
Kevon Looney;UCLA
James Michael McAdoo;North Carolina
Brandon Rush;Kansas
Marreese Speights;Florida
Klay Thompson;Washington State
Cole Aldrich;Kansas
Jeff Ayres;Arizona State
Jamal Crawford;Michigan
Branden Dawson;Michigan State
Jeff Green;Georgetown
Blake Griffin;Oklahoma
Wesley Johnson;Syracuse
DeAndre Jordan;Texas A&M
Luc Richard Mbah a Moute;UCLA
Chris Paul;Wake Forest
Paul Pierce;Kansas
JJ Redick;Duke
Austin Rivers;Duke
C.J. Wilcox;Washington
Brandon Bass;LSU
Tarik Black;Kansas
Anthony Brown;Stanford
Jordan Clarkson;Missouri
Roy Hibbert;Georgetown
Ryan Kelly;Duke
Larry Nance Jr.;Wyoming
Julius Randle;Kentucky
D'Angelo Russell;Ohio State
Robert Sacre;Gonzaga
Metta World Peace;St. John's
Nick Young;USC
Eric Bledsoe;Kentucky
Devin Booker;Kentucky
Chase Budinger;Arizona
Archie Goodwin;Kentucky
John Jenkins;Vanderbilt
Brandon Knight;Kentucky
Alex Len;Maryland
Jon Leuer;Wisconsin
Phil Pressey;Missouri
Ronnie Price;Utah Valley
P.J. Tucker;Texas
T.J. Warren;North Carolina State
Alan Williams;UC Santa Barbara
Quincy Acy;Baylor
James Anderson;Oklahoma State
Caron Butler;Connecticut
Willie Cauley-Stein;Kentucky
Darren Collison;UCLA
DeMarcus Cousins;Kentucky
Seth Curry;Duke
Duje Dukan;Wisconsin
Rudy Gay;Connecticut
Kosta Koufos;Ohio State
Ben McLemore;Kansas
Eric Moreland;Oregon State
Rajon Rondo;Kentucky
Cameron Bairstow;New Mexico
Aaron Brooks;Oregon
Jimmy Butler;Marquette
Mike Dunleavy;Duke
Taj Gibson;USC
Justin Holiday;Washington
Doug McDermott;Creighton
E'Twaun Moore;Purdue
Joakim Noah;Florida
Bobby Portis;Arkansas
Derrick Rose;Memphis
Tony Snell;New Mexico
Matthew Dellavedova;Saint Mary's
Channing Frye;Arizona
Kyrie Irving;Duke
Richard Jefferson;Arizona
Dahntay Jones;Duke
James Jones;Miami (FL)
Sasha Kaun;Kansas
Kevin Love;UCLA
Jordan McRae;Tennessee
Iman Shumpert;Georgia Tech
Tristan Thompson;Texas
Mo Williams;Alabama
Joel Anthony;UNLV
Aron Baynes;Washington State
Steve Blake;Maryland
Lorenzo Brown;North Carolina State
Reggie Bullock;North Carolina
Kentavious Caldwell-Pope;Georgia
Spencer Dinwiddie;Colorado
Andre Drummond;Connecticut
Tobias Harris;Tennessee
Darrun Hilliard;Villanova
Reggie Jackson;Boston College
Stanley Johnson;Arizona
Jodie Meeks;Kentucky
Marcus Morris;Kansas
Anthony Tolliver;Creighton
Lavoy Allen;Temple
Rakeem Christmas;Syracuse
Paul George;Fresno State
George Hill;IUPUI
Jordan Hill;Arizona
Solomon Hill;Arizona
Ty Lawson;North Carolina
Glenn Robinson III;Michigan
Rodney Stuckey;Eastern Washington
Myles Turner;Texas
Shayne Whittington;Western Michigan
Joe Young;Oregon
Jerryd Bayless;Arizona
Michael Carter-Williams;Syracuse
Jared Cunningham;Oregon State
Tyler Ennis;Syracuse
John Henson;North Carolina
O.J. Mayo;USC
Khris Middleton;Texas A&M
Greg Monroe;Georgetown
Steve Novak;Marquette
Johnny O'Bryant III;LSU
Jabari Parker;Duke
Miles Plumlee;Duke
Greivis Vasquez;Maryland
Rashad Vaughn;UNLV
Justin Anderson;Virginia
J.J. Barea;Northeastern
Jeremy Evans;Western Kentucky
Raymond Felton;North Carolina
Devin Harris;Wisconsin
David Lee;Florida
Wesley Matthews;Marquette
JaVale McGee;Nevada
Chandler Parsons;Florida
Dwight Powell;Stanford
Charlie Villanueva;Connecticut
Deron Williams;Illinois
Trevor Ariza;UCLA
Michael Beasley;Kansas State
Patrick Beverley;Arkansas
Corey Brewer;Florida
Sam Dekker;Wisconsin
Andrew Goudelock;Charleston
James Harden;Arizona State
Montrezl Harrell;Louisville
Terrence Jones;Kentucky
K.J. McDaniels;Clemson
Jason Terry;Arizona
Jordan Adams;UCLA
Tony Allen;Oklahoma State
Chris Andersen;Blinn College
Matt Barnes;UCLA
Vince Carter;North Carolina
Mike Conley;Ohio State
Bryce Cotton;Providence
Jordan Farmar;UCLA
JaMychal Green;Alabama
P.J. Hairston;North Carolina
Jarell Martin;LSU
Ray McCallum;Detroit
Xavier Munford;Rhode Island
Zach Randolph;Michigan State
Lance Stephenson;Cincinnati
Alex Stepheson;USC
Brandan Wright;North Carolina
Ryan Anderson;California
Luke Babbitt;Nevada
Norris Cole;Cleveland State
Dante Cunningham;Villanova
Anthony Davis;Kentucky
Bryce Dejean-Jones;Iowa State
Toney Douglas;Florida State
James Ennis;Long Beach State
Tyreke Evans;Memphis
Tim Frazier;Penn State
Alonzo Gee;Alabama
Eric Gordon;Indiana
Jordan Hamilton;Texas
Jrue Holiday;UCLA
Orlando Johnson;UC Santa Barbara
Quincy Pondexter;Washington
LaMarcus Aldridge;Texas
Kyle Anderson;UCLA
Matt Bonner;Florida
Tim Duncan;Wake Forest
Danny Green;North Carolina
Kawhi Leonard;San Diego State
Kevin Martin;Western Carolina
Andre Miller;Utah
Patty Mills;Saint Mary's
Jonathon Simmons;Houston
David West;Xavier
Kent Bazemore;Old Dominion
Tim Hardaway Jr.;Michigan
Kirk Hinrich;Kansas
Al Horford;Florida
Kris Humphries;Minnesota
Kyle Korver;Creighton
Paul Millsap;Louisiana Tech
Mike Muscala;Bucknell
Lamar Patterson;Pittsburgh
Mike Scott;Virginia
Jeff Teague;Wake Forest
Troy Daniels;Virginia Commonwealth
Jorge Gutierrez;California
Tyler Hansbrough;North Carolina
Aaron Harrison;Kentucky
Spencer Hawes;Washington
Frank Kaminsky III;Wisconsin
Michael Kidd-Gilchrist;Kentucky
Jeremy Lamb;Connecticut
Courtney Lee;Western Kentucky
Jeremy Lin;Harvard
Kemba Walker;Connecticut
Marvin Williams;North Carolina
Cody Zeller;Indiana
Chris Bosh;Georgia Tech
Luol Deng;Duke
Udonis Haslem;Florida
Joe Johnson;Arkansas
Tyler Johnson;Fresno State
Josh McRoberts;Duke
Josh Richardson;Tennessee
Dwyane Wade;Marquette
Briante Weber;Virginia Commonwealth
Hassan Whiteside;Marshall
Justise Winslow;Duke
Dewayne Dedmon;USC
Aaron Gordon;Arizona
Devyn Marble;Iowa
Shabazz Napier;Connecticut
Andrew Nicholson;St. Bonaventure
Victor Oladipo;Indiana
Elfrid Payton;Louisiana-Lafayette
Jason Smith;Colorado State
Nikola Vucevic;USC
C.J. Watson;Tennessee
Alan Anderson;Michigan State
Bradley Beal;Florida
Jared Dudley;Boston College
Jarell Eddie;Virginia Tech
Drew Gooden;Kansas
JJ Hickson;North Carolina State
Markieff Morris;Kansas
Kelly Oubre Jr.;Kansas
Otto Porter Jr.;Georgetown
Ramon Sessions;Nevada
Garrett Temple;LSU
Marcus Thornton;LSU
John Wall;Kentucky
Darrell Arthur;Kansas
D.J. Augustin;Texas
Will Barton;Memphis
Wilson Chandler;DePaul
Kenneth Faried;Morehead State
Gary Harris;Michigan State
Mike Miller;Florida
Jameer Nelson;Saint Joseph's
JaKarr Sampson;St. John's
Gorgui Dieng;Louisville
Tyus Jones;Duke
Zach LaVine;UCLA
Shabazz Muhammad;UCLA
Adreian Payne;Michigan State
Tayshaun Prince;Kentucky
Greg Smith;Fresno State
Karl-Anthony Towns;Kentucky
Andrew Wiggins;Kansas
Steven Adams;Pittsburgh
Nick Collison;Kansas
Kevin Durant;Texas
Randy Foye;Villanova
Josh Huestis;Stanford
Enes Kanter;Kentucky
Mitch McGary;Michigan
Nazr Mohammed;Kentucky
Anthony Morrow;Georgia Tech
Cameron Payne;Murray State
Andre Roberson;Colorado
Kyle Singler;Duke
Dion Waiters;Syracuse
Russell Westbrook;UCLA
Cliff Alexander;Kansas
Al-Farouq Aminu;Wake Forest
Pat Connaughton;Notre Dame
Allen Crabbe;California
Ed Davis;North Carolina
Maurice Harkless;St. John's
Gerald Henderson;Duke
Chris Kaman;Central Michigan
Meyers Leonard;Illinois
Damian Lillard;Weber State
C.J. McCollum;Lehigh
Luis Montero;Westchester CC
Mason Plumlee;Duke
Brian Roberts;Dayton
Noah Vonleh;Indiana
Trevor Booker;Clemson
Trey Burke;Michigan
Alec Burks;Colorado
Derrick Favors;Georgia Tech
Gordon Hayward;Butler
Rodney Hood;Duke
Chris Johnson;Dayton
Trey Lyles;Kentucky
Shelvin Mack;Butler
Jeff Withey;Kansas
